9.85,1

9.85,1

9.85,2

9.85,3

9.85,4

9.85,5

9.85,6

9.85,7

9.85,8

9.85,9

9.85,10

9.85,11

9.85,12

9.85,13

9.85,14

9.85,15

9.85,16

9.85,17

9.59,18

9.59,19

9.59,20

9.59,21

9.59,22

9.59,23

9.59,24

9.59,25

9.59,26

9.59,27

9.59,28

9.59,29

9.59,30

9.59,31

9.54,32

9.59,33

9.59,34

9.59,35

9.59,36

9.59,37

9.59,38

9.59,39

9.59,40

9.17,1

9.06,2

9.06,3

9.00,4

9.00,5

9.00,6

9.00,7

9.06,8

9.06,9

9.00,10

9.06,11

9.06,12

9.06,13

9.06,14

9.06,15

9.06,16

9.00,17

9.00,18

9.00,19

9.00,20

9.00,21

9.00,22

9.00,23

9.00,24

9.00,25

9.00,26

9.00,27

9.00,28

9.06,29

9.06,30

9.06,31

9.06,32

9.06,33

9.06,34

9.06,35

9.06,36

9.06,37

9.06,38

9.06,39

9.06,40

9.06,41

9.06,42

9.06,43

9.06,44

9.06,45

9.06,46

9.06,47

9.06,48

9.06,49

9.06,50

9.06,51

9.06,52

9.06,53

9.06,54

9.06,55

9.06,56

9.06,57

9.06,58

9.00,59

9.06,60

9.06,61

9.06,62

9.06,63

9.06,64

9.06,65

9.06,66

9.06,67

9.06,68

9.06,69

9.06,70

9.06,71

9.06,72

9.06,73

9.06,74

9.06,75

9.06,76

9.06,77

9.06,78

9.06,79

9.06,80

9.06,81

9.06,82

9.06,83

9.06,84

9.06,85

9.06,86

9.06,87

9.06,88

9.06,89

9.06,90

9.06,91

9.06,92

9.06,93

9.06,94

9.06,95

9.06,96

9.06,97

9.06,98

9.06,99

9.06,100

9.06,101

9.06,102

9.06,103

9.06,104

9.06,105

9.06,106

9.06,107

9.06,108

9.06,109

9.06,110

9.06,111

9.06,112

9.06,113

9.06,114

9.06,115

9.06,116

9.06,117

9.06,118

9.06,119

9.06,120

9.06,121

9.06,122

9.06,123

9.06,124

9.06,125

9.06,126

9.06,127

9.06,128

9.06,129

9.06,130

9.06,131

9.06,132

9.06,133

9.06,134

9.06,135

9.06,136

9.06,137

9.06,138

9.06,139

9.06,140

9.00,141

9.00,142

9.06,143

9.00,144

9.00,145

9.00,146

9.00,147

9.06,148

9.06,149

9.06,150

9.06,151

9.00,152

9.00,153

9.00,154

9.00,155

9.06,156

9.00,157

9.06,158

9.00,159

9.00,160

9.00,161

9.00,162

9.00,163

9.00,164

9.00,165

9.00,166

9.00,167

9.00,168

9.00,169

9.00,170

9.00,171

9.00,172

9.00,173

9.06,174

9.06,175

9.06,176

9.06,177

9.06,178

9.06,179

9.06,180

9.06,181

9.06,182

9.06,183

9.06,184

9.00,185

9.00,186

9.00,187

9.00,188

9.00,189

9.00,190

9.00,191

9.00,192

9.00,193

9.00,194

9.00,195

9.00,196

9.00,197

9.00,198

9.00,199

9.00,200

9.00,201

9.00,202

9.00,203

9.00,204

9.00,205

9.00,206

9.00,207

9.00,208

9.00,209

9.00,210

9.00,211

9.00,212

8.94,213

9.00,214

9.00,215

9.00,216

9.00,217

9.00,218

9.00,219

9.00,220

9.00,221

9.00,222

9.00,223

9.00,224

9.00,225

9.00,226

9.00,227

9.00,228

9.00,229

9.00,230

9.00,231

9.00,232

9.00,233

9.00,234

9.00,235

9.00,236

9.00,237

9.00,238

9.00,239

9.00,240

9.00,241

9.00,242

9.00,243

9.00,244

9.00,245

9.00,246

9.00,247

9.00,248

9.00,249

9.00,250

9.00,251

9.00,252

9.00,253

9.00,254

9.00,255

9.00,256

9.00,257

9.00,258

9.00,259

9.00,260

9.00,261

9.00,262

9.00,263

9.00,264

9.00,265

9.00,266

9.00,267

9.00,268

9.00,269

9.00,270

9.00,271

9.00,272

9.00,273

9.00,274

9.00,275

9.00,276

9.00,277

9.00,278

9.00,279

9.00,280

9.00,281

9.00,282

9.00,283

9.00,284

9.00,285

9.00,286

9.00,287

9.00,288

9.00,289

9.00,290

9.00,291

9.00,292

9.00,293

9.00,294

9.00,295

9.00,296

9.00,297

9.00,298

9.00,299

9.00,300

9.00,301

9.00,302

9.00,303

9.00,304

9.00,305

9.00,306

9.00,307

9.00,308

9.00,309

9.00,310

9.00,311

9.00,312

9.00,313

9.00,314

9.00,315

9.00,316

9.00,317

9.00,318

9.00,319

9.00,320

9.00,321

8.94,322

8.94,323

8.94,324

8.94,325

8.94,326

8.94,327

8.94,328

8.94,329

8.94,330

8.94,331

8.94,332

8.94,333

8.94,334

8.94,335

9.00,336

9.00,337

9.00,338

9.00,339

9.00,340

9.00,341

9.00,342

9.00,343

9.00,344

9.00,345

9.00,346

9.00,347

9.00,348

9.00,349

9.00,350

9.00,351

9.00,352

9.00,353

9.00,354

9.00,355

9.00,356

9.00,357

9.00,358

9.00,359

9.00,360

9.00,361

9.00,362

9.00,363

9.00,364

9.00,365

9.00,366

9.00,367

9.00,368

9.00,369

9.00,370

9.00,371

9.00,372

9.00,373

9.00,374

9.00,375

9.00,376

9.00,377

9.00,378

9.00,379

9.00,380

9.00,381

9.00,382

9.00,383

9.00,384

9.00,385

9.00,386

9.00,387

9.00,388

9.00,389

9.00,390

9.00,391

9.00,392

9.00,393

9.00,394

9.00,395

9.00,396

9.00,397

9.00,398

9.00,399

9.00,400

9.00,401

9.00,402

9.00,403

9.00,404

9.00,405

9.00,406

9.00,407

9.00,408

9.00,409

9.00,410

9.00,411

9.00,412

9.00,413

9.00,414

9.00,415

9.00,416

9.00,417

9.00,418

9.00,419

9.00,420

9.00,421

9.00,422

9.00,423

9.00,424

9.00,425

9.00,426

9.00,427

9.00,428

9.00,429

9.00,430

9.00,431

9.00,432

9.00,433

9.00,434

9.00,435

9.00,436

9.00,437

9.00,438

9.00,439

9.00,440

8.94,441

8.94,442

8.94,443

8.94,444

9.00,445

9.00,446

9.00,447

9.00,448

9.00,449

8.94,450

9.00,451

9.00,452

9.00,453

9.00,454

9.00,455

9.00,456

9.00,457

9.00,458

9.00,459

9.00,460

9.00,461

9.00,462

8.94,463

9.00,464

9.00,465

9.00,466

9.00,467

9.00,468

8.94,469

8.94,470

9.00,471

9.00,472

8.94,473

9.00,474

8.94,475

8.94,476

8.94,477

8.94,478

8.94,479

8.94,480

8.94,481

9.00,482

8.94,483

8.94,484

8.94,485

8.94,486

9.00,487

8.94,488

9.00,489

9.00,490

9.00,491

9.00,492

9.00,493

9.00,494

9.00,495

9.00,496

9.00,497

9.00,498

9.00,499

9.00,500

9.00,501

9.00,502

9.00,503

9.00,504

9.00,505

9.00,506

9.00,507

9.00,508

9.00,509

9.00,510

8.94,511

8.94,512

8.94,513

8.94,514

8.94,515

8.94,516

8.94,517

8.94,518

8.94,519

8.94,520

8.94,521

8.94,522

9.00,523

8.94,524

8.94,525

8.94,526

8.94,527

8.94,528

8.94,529

8.94,530

9.00,531

8.94,532

8.94,533

8.94,534

9.00,535

9.00,536

9.00,537

9.00,538

9.00,539

9.00,540

8.94,541

9.00,542

8.94,543

9.00,544

9.00,545

9.00,546

9.00,547

9.00,548

9.00,549

9.00,550

9.00,551

9.00,552

8.94,553

8.94,554

9.00,555

9.00,556

8.94,557

9.00,558

9.00,559

9.00,560

9.00,561

9.00,562

8.94,563

8.94,564

9.00,565

8.94,566

8.94,567

8.94,568

9.00,569

9.00,570

8.94,571

9.00,572

8.94,573

9.00,574

8.94,575

8.94,576

9.00,577

9.00,578

9.00,579

8.94,580

8.94,581

8.94,582

8.94,583

8.94,584

8.94,585

8.94,586

8.94,587

8.94,588

8.94,589

8.94,590

8.94,591

9.00,592

9.00,593

8.94,594

8.94,595

8.94,596

8.89,597

8.89,598

8.83,599

8.83,600

9.06,601

9.27,602

7.62,603

7.35,604

5.00,605

1.00,606

0.00,607

0.00,608

1.41,609

1.00,610

1.00,611

1.00,612

1.00,613

5.39,614

4.69,615

6.08,616

8.60,617

8.19,618

8.83,619

8.94,620

8.66,621

8.06,622

8.00,623

7.94,624

7.94,625

7.94,626

7.94,627

7.94,628

7.94,629

7.94,630

7.94,631

7.94,632

7.94,633

7.94,634

7.94,635

7.94,636

7.94,637

7.94,638

7.94,639

7.94,640

8.00,641

8.19,642

8.31,643

8.31,644

8.25,645

8.25,646

8.31,647

8.31,648

8.31,649

8.25,650

8.25,651

8.25,652

8.25,653

8.25,654

8.25,655

8.25,656

8.25,657

8.25,658

8.25,659

8.25,660

8.25,661

8.25,662

8.19,663

6.86,664

5.66,665

4.80,666

4.58,667

3.87,668

3.61,669

5.39,670

7.00,671

6.16,672

6.08,673

7.81,674

9.59,675

9.54,676

9.54,677

9.54,678

9.54,679

9.54,680

9.49,681

9.49,682

9.54,683

9.54,684

9.54,685

9.54,686

9.54,687

9.54,688

9.54,689

9.54,690

9.54,691

9.54,692

9.54,693

9.54,694

9.54,695

9.54,696

9.54,697

9.54,698

9.54,699

9.54,700

9.54,701

9.54,702

9.54,703

9.54,704

9.54,705

9.54,706

9.54,707

9.54,708

9.54,709

9.54,710

9.54,711

9.54,712

9.54,713

9.54,714

9.54,715

9.54,716

9.54,717

9.54,718

9.54,719

9.54,720

9.54,721

9.54,722

9.54,723

9.49,724

9.49,725

9.49,726

9.49,727

9.49,728

9.49,729

9.49,730

9.49,731

9.49,732

9.49,733

9.49,734

9.49,735

9.49,736

9.49,737

9.49,738

9.49,739

9.49,740

9.49,741

9.49,742

9.49,743

9.49,744

9.49,745

9.49,746

9.49,747

9.49,748

9.49,749

9.49,750

9.49,751

9.49,752

9.49,753

9.49,754

9.49,755

9.49,756

9.49,757

9.49,758

9.49,759

9.49,760

9.49,761

9.49,762

9.49,763

9.49,764

9.54,765

9.54,766

9.54,767

9.54,768

9.54,769

9.54,770

9.54,771

9.54,772

9.54,773

9.54,774

9.54,775

9.54,776

9.54,777

9.54,778

9.54,779

9.54,780

9.54,781

9.54,782

9.54,783

9.54,784

9.54,785

9.54,786

9.54,787

9.54,788

9.54,789

9.54,790

9.54,791

9.54,792

9.54,793

9.54,794

9.54,795

9.54,796

9.54,797

9.54,798

9.54,799

9.54,800

9.54,801

9.54,802

9.54,803

9.54,804

9.54,805

9.54,806

9.54,807

9.54,808

9.54,809

9.54,810

9.54,811

9.54,812

9.54,813

9.54,814

9.54,815

9.54,816

9.54,817

9.54,818

9.54,819

9.54,820

9.54,821

9.54,822

9.54,823

9.54,824

9.54,825

9.54,826

9.54,827

9.54,828

9.54,829

9.54,830

9.54,831

9.54,832

9.54,833

9.54,834

9.54,835

9.54,836

9.54,837

9.54,838

9.54,839

9.54,840

9.54,841

9.54,842

9.54,843

9.54,844

9.54,845

9.54,846

9.54,847

9.54,848

9.54,849

9.54,850

9.54,851

9.54,852

9.54,853

9.54,854

9.54,855

9.54,856

9.54,857

9.54,858

9.54,859

9.54,860

9.54,861

9.54,862

9.54,863

9.54,864

9.54,865

9.54,866

9.54,867

9.54,868

9.54,869

9.54,870

9.54,871

9.54,872

9.54,873

9.54,874

9.54,875

9.54,876

9.54,877

9.54,878

9.54,879

9.54,880

9.54,881

9.54,882

9.54,883

9.54,884

9.54,885

9.54,886

9.54,887

9.54,888

9.54,889

9.54,890

9.54,891

9.54,892

9.54,893

9.54,894

9.54,895

9.54,896

9.54,897

9.54,898

9.54,899

9.54,900

9.54,901

9.54,902

9.54,903

9.54,904

9.54,905

9.54,906

9.54,907

9.54,908

9.54,909

9.54,910

9.54,911

9.54,912

9.54,913

9.54,914

9.54,915

9.54,916

9.54,917

9.54,918

9.54,919

9.54,920

9.54,921

9.54,922

9.54,923

9.54,924

9.54,925

9.54,926

9.54,927

9.54,928

9.54,929

9.54,930

9.54,931

9.54,932

9.54,933

9.54,934

9.54,935

9.54,936

9.54,937

9.49,938

9.49,939

9.49,940

9.49,941

9.49,942

9.49,943

9.49,944

9.49,945

9.49,946

9.49,947

9.49,948

9.49,949

9.49,950

9.49,951

9.54,952

9.49,953

9.49,954

9.49,955

9.49,956

9.49,957

9.54,958

9.49,959

9.49,960

9.49,961

9.49,962

9.49,963

9.49,964

9.49,965

9.49,966

9.49,967

9.54,968

9.54,969

9.54,970

9.54,971

9.54,972

9.54,973

9.54,974

9.54,975

9.54,976

9.54,977

9.54,978

9.54,979

9.54,980

9.54,981

9.54,982

9.54,983

9.54,984

9.54,985

9.54,986

9.54,987

9.54,988

9.54,989

9.54,990

9.54,991

9.54,992

9.54,993

9.54,994

9.54,995

9.54,996

9.54,997

9.54,998

9.54,999

9.54,1000

9.54,1001

9.54,1002

9.54,1003

9.54,1004

9.54,1005

9.54,1006

9.54,1007

9.54,1008

9.54,1009

9.54,1010

9.54,1011

9.54,1012

9.54,1013

9.54,1014

9.54,1015

9.54,1016

9.54,1017

9.54,1018

9.54,1019

9.54,1020

9.54,1021

9.54,1022

9.54,1023

9.54,1024

9.54,1025

9.54,1026

9.54,1027

9.54,1028

9.54,1029

9.54,1030

9.54,1031

9.54,1032

9.54,1033

9.54,1034

9.54,1035

9.54,1036

9.54,1037

9.54,1038

9.54,1039

9.54,1040

9.54,1041

9.54,1042

9.54,1043

9.54,1044

9.54,1045

9.54,1046

9.54,1047

9.54,1048

9.54,1049

9.49,1050

9.49,1051

9.49,1052

9.43,1053

9.43,1054

9.43,1055

9.38,1056

9.38,1057

9.38,1058

9.38,1059

9.38,1060

9.33,1061

9.33,1062

9.33,1063

9.33,1064

9.33,1065

9.33,1066

9.33,1067

9.33,1068

9.33,1069

9.27,1070

9.27,1071

9.27,1072

9.27,1073

9.27,1074

9.27,1075

9.27,1076

9.27,1077

9.27,1078

9.27,1079

9.27,1080

9.27,1081

9.22,1082

9.22,1083

9.22,1084

9.22,1085

9.22,1086

9.22,1087

9.22,1088

9.22,1089

9.22,1090

9.22,1091

9.22,1092

9.22,1093

9.22,1094

9.22,1095

9.22,1096

9.22,1097

9.22,1098

9.22,1099

9.22,1100

9.22,1101

9.22,1102

9.22,1103

9.22,1104

9.22,1105

9.22,1106

9.22,1107

9.22,1108

9.22,1109

9.22,1110

9.22,1111

9.22,1112

9.22,1113

9.22,1114

9.22,1115

9.22,1116

9.22,1117

9.22,1118

9.22,1119

9.22,1120

9.22,1121

9.22,1122

9.22,1123

9.22,1124

9.22,1125

9.22,1126

9.22,1127

9.22,1128

9.22,1129

9.22,1130

9.22,1131

9.22,1132

9.22,1133

9.22,1134

9.22,1135

9.22,1136

9.22,1137

9.22,1138

9.22,1139

9.22,1140

9.22,1141

9.22,1142

9.22,1143

9.22,1144

9.27,1145

9.27,1146

9.27,1147

9.27,1148

9.27,1149

9.27,1150

9.27,1151

9.27,1152

9.27,1153

9.27,1154

9.27,1155

9.27,1156

9.27,1157

9.27,1158

9.27,1159

9.27,1160

9.27,1161

9.27,1162

9.27,1163

9.27,1164

9.27,1165

9.27,1166

9.27,1167

9.27,1168

9.27,1169

9.33,1170

9.33,1171

9.33,1172

9.33,1173

9.33,1174

9.33,1175

9.33,1176

9.33,1177

9.33,1178

9.33,1179

9.33,1180

9.33,1181

9.33,1182

9.33,1183

9.33,1184

9.33,1185

9.38,1186

9.38,1187

9.38,1188

9.38,1189

9.38,1190

9.38,1191

9.38,1192

9.38,1193

9.38,1194

9.38,1195

9.38,1196

9.38,1197

9.38,1198

9.38,1199

9.38,1200

9.38,1201

9.38,1202

9.38,1203

9.38,1204

9.38,1205

9.43,1206

9.43,1207

9.43,1208

9.43,1209

9.43,1210

9.43,1211

9.43,1212

9.43,1213

9.43,1214

9.43,1215

9.43,1216

9.43,1217

9.43,1218

9.43,1219

9.43,1220

9.43,1221

9.43,1222

9.43,1223

9.43,1224

9.43,1225

9.43,1226

9.43,1227

9.43,1228

9.43,1229

9.43,1230

9.43,1231

9.43,1232

9.43,1233

9.43,1234

9.43,1235

9.43,1236

9.43,1237

9.43,1238

9.43,1239

9.43,1240

9.43,1241

9.43,1242

9.43,1243

9.43,1244

9.43,1245

9.43,1246

9.43,1247

9.43,1248

9.43,1249

9.43,1250

9.43,1251

9.43,1252

9.43,1253

9.43,1254

9.43,1255

9.43,1256

9.43,1257

9.43,1258

9.43,1259

9.43,1260

9.43,1261

9.43,1262

9.43,1263

9.43,1264

9.49,1265

9.49,1266

9.49,1267

9.49,1268

9.49,1269

9.49,1270

9.49,1271

9.49,1272

9.49,1273

9.49,1274

9.49,1275

9.49,1276

9.49,1277

9.49,1278

9.49,1279

9.49,1280

9.49,1281

9.49,1282

9.49,1283

9.49,1284

9.49,1285

9.49,1286

9.49,1287

9.49,1288

9.49,1289

9.49,1290

9.49,1291

9.49,1292

9.49,1293

9.49,1294

9.49,1295

9.49,1296

9.49,1297

9.49,1298

9.49,1299

9.49,1300

9.49,1301

9.49,1302

9.49,1303

9.49,1304

9.49,1305

9.49,1306

9.49,1307

9.49,1308

9.49,1309

9.49,1310

9.49,1311

9.49,1312

9.49,1313

9.49,1314

9.49,1315

9.49,1316

9.49,1317

9.49,1318

9.49,1319

9.49,1320

9.49,1321

9.49,1322

9.49,1323

9.49,1324

9.49,1325

9.49,1326

9.49,1327

9.49,1328

9.49,1329

9.49,1330

9.49,1331

9.49,1332

9.49,1333

9.49,1334

9.49,1335

9.49,1336

9.49,1337

9.49,1338

9.49,1339

9.49,1340

9.49,1341

9.49,1342

9.49,1343

9.49,1344

9.49,1345

9.49,1346

9.49,1347

9.49,1348

9.49,1349

9.49,1350

9.49,1351

9.49,1352

9.49,1353

9.49,1354

9.49,1355

9.49,1356

9.49,1357

9.49,1358

9.49,1359

9.49,1360

9.49,1361

9.49,1362

9.49,1363

9.49,1364

9.49,1365

9.49,1366

9.49,1367

9.49,1368

9.49,1369

9.49,1370

9.49,1371

9.49,1372

9.49,1373

9.49,1374

9.49,1375

9.49,1376

9.49,1377

9.49,1378

9.49,1379

9.49,1380

9.49,1381

9.49,1382

9.49,1383

9.49,1384

9.49,1385

9.49,1386

9.49,1387

9.49,1388

9.49,1389

9.49,1390

9.49,1391

9.49,1392

9.49,1393

9.49,1394

9.49,1395

9.49,1396

9.49,1397

9.49,1398

9.49,1399

9.49,1400

9.49,1401

9.49,1402

9.49,1403

9.49,1404

9.49,1405

9.49,1406

9.49,1407

9.49,1408

9.49,1409

9.49,1410

9.49,1411

9.49,1412

9.49,1413

9.49,1414

9.49,1415

9.49,1416

9.49,1417

9.49,1418

9.49,1419

9.49,1420

9.49,1421

9.49,1422

9.49,1423

9.49,1424

9.49,1425

9.49,1426

9.49,1427

9.49,1428

9.49,1429

9.49,1430

9.49,1431

9.49,1432

9.49,1433

9.49,1434

9.49,1435

9.49,1436

9.49,1437

9.49,1438

9.49,1439

9.49,1440

9.49,1441

9.49,1442

9.49,1443

9.49,1444

9.49,1445

9.49,1446

9.49,1447

9.49,1448

9.49,1449

9.49,1450

9.49,1451

9.49,1452

9.49,1453

9.49,1454

9.49,1455

9.49,1456

9.49,1457

9.49,1458

9.49,1459

9.49,1460

9.49,1461

9.49,1462

9.49,1463

9.49,1464

9.49,1465

9.49,1466

9.49,1467

9.49,1468

9.49,1469

9.49,1470

9.49,1471

9.49,1472

9.49,1473

9.49,1474

9.49,1475

9.49,1476

9.49,1477

9.49,1478

9.49,1479

9.49,1480

9.49,1481

9.49,1482

9.49,1483

9.49,1484

9.49,1485

9.49,1486

9.49,1487

9.49,1488

9.49,1489

9.49,1490

9.49,1491

9.49,1492

9.49,1493

9.49,1494

9.49,1495

9.49,1496

9.49,1497

9.49,1498

9.49,1499

9.49,1500

9.49,1501

9.49,1502

9.49,1503

9.49,1504

9.49,1505

9.49,1506

9.49,1507

9.49,1508

9.49,1509

9.49,1510

9.49,1511

9.49,1512

9.49,1513

9.49,1514

9.49,1515

9.49,1516

9.49,1517

9.49,1518

9.49,1519

9.49,1520

9.49,1521

9.49,1522

9.49,1523

9.49,1524

9.49,1525

9.49,1526

9.49,1527

9.49,1528

9.49,1529

9.49,1530

9.49,1531

9.49,1532

9.49,1533

9.49,1534

9.49,1535

9.49,1536

9.49,1537

9.49,1538

9.49,1539

9.49,1540

9.49,1541

9.49,1542

9.49,1543

9.49,1544

9.49,1545

9.49,1546

9.49,1547

9.49,1548

9.49,1549

9.49,1550

9.49,1551

9.49,1552

9.49,1553

9.49,1554

9.49,1555

9.49,1556

9.49,1557

9.49,1558

9.49,1559

9.49,1560

9.49,1561

9.49,1562

9.49,1563

9.49,1564

9.49,1565

9.49,1566

9.49,1567

9.49,1568

9.49,1569

9.49,1570

9.49,1571

9.49,1572

9.49,1573

9.49,1574

9.49,1575

9.49,1576

9.49,1577

9.49,1578

9.49,1579

9.49,1580

9.49,1581

9.49,1582

9.49,1583

9.49,1584

9.49,1585

9.49,1586

9.49,1587

9.49,1588

9.49,1589

9.49,1590

9.49,1591

9.49,1592

9.49,1593

9.49,1594

9.49,1595

9.49,1596

9.49,1597

9.49,1598

9.49,1599

9.49,1600

9.49,1601

9.49,1602

9.49,1603

9.49,1604

9.49,1605

9.49,1606

9.49,1607

9.49,1608

9.49,1609

9.49,1610

9.49,1611

9.49,1612

9.49,1613

9.49,1614

9.49,1615

9.49,1616

9.49,1617

9.49,1618

9.49,1619

9.49,1620

9.49,1621

9.49,1622

9.49,1623

9.49,1624

9.49,1625

9.49,1626

9.49,1627

9.49,1628

9.49,1629

9.49,1630

9.49,1631

9.49,1632

9.49,1633

9.49,1634

9.49,1635

9.49,1636

9.49,1637

9.49,1638

9.49,1639

9.49,1640

9.49,1641

9.49,1642

9.49,1643

9.49,1644

9.49,1645

9.49,1646

9.49,1647

9.49,1648

9.49,1649

9.49,1650

9.49,1651

9.49,1652

9.49,1653

9.49,1654

9.49,1655

9.49,1656

9.49,1657

9.49,1658

9.49,1659

9.49,1660

9.49,1661

9.49,1662

9.49,1663

9.49,1664

9.49,1665

9.49,1666

9.49,1667

9.49,1668

9.49,1669

9.49,1670

9.49,1671

9.49,1672

9.49,1673

9.49,1674

9.49,1675

9.49,1676

9.49,1677

9.49,1678

9.49,1679

9.49,1680

9.49,1681

9.49,1682

9.49,1683

9.49,1684

9.49,1685

9.49,1686

9.49,1687

9.49,1688

9.49,1689

9.49,1690

9.49,1691

9.49,1692

9.49,1693

9.49,1694

9.49,1695

9.49,1696

9.49,1697

9.49,1698

9.49,1699

9.49,1700

9.49,1701

9.49,1702

9.49,1703

9.49,1704

9.49,1705

9.49,1706

9.49,1707

9.49,1708

9.49,1709

9.49,1710

9.49,1711

9.49,1712

9.49,1713

9.49,1714

9.49,1715

9.49,1716

9.49,1717

9.49,1718

9.49,1719

9.49,1720

9.49,1721

9.49,1722

9.49,1723

9.49,1724

9.49,1725

9.49,1726

9.49,1727

9.49,1728

9.49,1729

9.49,1730

9.49,1731

9.49,1732

9.49,1733

9.49,1734

9.49,1735

9.49,1736

9.49,1737

9.49,1738

9.49,1739

9.49,1740

9.49,1741

9.49,1742

9.49,1743

9.49,1744

9.49,1745

9.49,1746

9.49,1747

9.49,1748

9.49,1749

9.49,1750

9.49,1751

9.49,1752

9.49,1753

9.49,1754

9.49,1755

9.49,1756

9.49,1757

9.49,1758

9.49,1759

9.49,1760

9.49,1761

9.49,1762

9.49,1763

9.49,1764

9.49,1765

9.49,1766

9.49,1767

9.49,1768

9.49,1769

9.49,1770

9.49,1771

9.49,1772

9.49,1773

9.49,1774

9.49,1775

9.49,1776

9.49,1777

9.49,1778

9.49,1779

9.49,1780

9.49,1781

9.49,1782

9.49,1783

9.49,1784

9.49,1785

9.49,1786

9.49,1787

9.49,1788

9.49,1789

9.49,1790

9.49,1791

9.49,1792

9.49,1793

9.49,1794

9.49,1795

9.49,1796

9.49,1797

9.49,1798

9.49,1799

9.49,1800

9.49,1801

9.49,1802

9.49,1803

9.49,1804

9.49,1805

9.49,1806

9.49,1807

9.49,1808

9.49,1809

9.49,1810

9.49,1811

9.49,1812

9.49,1813

9.49,1814

9.49,1815

9.49,1816

9.49,1817

9.49,1818

9.49,1819

9.49,1820

9.49,1821

9.49,1822

9.49,1823

9.49,1824

9.49,1825

9.49,1826

9.49,1827

9.49,1828

9.49,1829

9.49,1830

9.49,1831

9.49,1832

9.49,1833

9.49,1834

9.49,1835

9.49,1836

9.49,1837

9.49,1838

9.49,1839

9.49,1840

9.49,1841

9.49,1842

9.49,1843

9.49,1844

9.49,1845

9.49,1846

9.49,1847

9.49,1848

9.49,1849

9.49,1850

9.49,1851

9.49,1852

9.49,1853

9.49,1854

9.49,1855

9.49,1856

9.49,1857

9.49,1858

9.49,1859

9.49,1860

9.49,1861

9.49,1862

9.49,1863

9.49,1864

9.49,1865

9.49,1866

9.49,1867

9.49,1868

9.49,1869

9.49,1870

9.49,1871

9.49,1872

9.49,1873

9.49,1874

9.49,1875

9.49,1876

9.49,1877

9.49,1878

9.49,1879

9.49,1880

9.49,1881

9.49,1882

9.49,1883

9.49,1884

9.49,1885

9.49,1886

9.49,1887

9.49,1888

9.49,1889

9.49,1890

9.49,1891

9.49,1892

9.49,1893

9.49,1894

9.49,1895

9.49,1896

9.49,1897

9.49,1898

9.49,1899

9.49,1900

9.49,1901

9.49,1902

9.49,1903

9.49,1904

9.49,1905

9.49,1906

9.49,1907

9.49,1908

9.49,1909

9.49,1910

9.49,1911

9.49,1912

9.49,1913

9.49,1914

9.49,1915

9.49,1916

9.49,1917

9.49,1918

9.49,1919

9.49,1920

9.49,1921

9.49,1922

9.49,1923

9.49,1924

9.49,1925

9.49,1926

9.49,1927

9.49,1928

9.49,1929

9.49,1930

9.49,1931

9.49,1932

9.49,1933

9.49,1934

9.49,1935

9.49,1936

9.49,1937

9.49,1938

9.49,1939

9.49,1940

9.49,1941

9.49,1942

9.49,1943

9.49,1944

9.49,1945

9.49,1946

9.49,1947

9.49,1948

9.49,1949

9.49,1950

9.49,1951

9.49,1952

9.49,1953

9.49,1954

9.49,1955

9.49,1956

9.49,1957

9.49,1958

9.49,1959

9.49,1960

9.49,1961

9.49,1962

9.49,1963

9.49,1964

9.49,1965

9.49,1966

9.49,1967

9.49,1968

9.49,1969

9.49,1970

9.49,1971

9.49,1972

9.49,1973

9.49,1974

9.49,1975

9.49,1976

9.49,1977

9.49,1978

9.49,1979

9.49,1980

9.49,1981

9.49,1982

9.49,1983

9.49,1984

9.49,1985

9.49,1986

9.49,1987

9.49,1988

9.49,1989

9.49,1990

9.49,1991

9.49,1992

9.49,1993

9.49,1994

9.49,1995

9.49,1996

9.49,1997

9.49,1998

9.49,1999

9.49,2000

9.49,2001

9.49,2002

9.49,2003

9.49,2004

9.49,2005

9.49,2006

9.49,2007

9.49,2008

9.49,2009

9.49,2010

9.49,2011

9.49,2012

9.49,2013

9.49,2014

9.49,2015

9.49,2016

9.49,2017

9.49,2018

9.49,2019

9.49,2020

9.49,2021

9.49,2022

9.49,2023

9.49,2024

9.49,2025

9.49,2026

9.49,2027

9.49,2028

9.49,2029

9.49,2030

9.49,2031

9.49,2032

9.49,2033

9.49,2034

9.49,2035

9.49,2036

9.49,2037

9.49,2038

9.49,2039

9.49,2040

9.49,2041

9.49,2042

9.49,2043

9.49,2044

9.49,2045

9.49,2046

9.49,2047

9.49,2048

9.49,2049

9.49,2050

9.49,2051

9.49,2052

9.49,2053

9.49,2054

9.49,2055

9.49,2056

9.49,2057

9.49,2058

9.49,2059

9.49,2060

9.49,2061

9.49,2062

9.49,2063

9.49,2064

9.49,2065

9.49,2066

9.49,2067

9.49,2068

9.49,2069

9.49,2070

9.49,2071

9.49,2072

9.49,2073

9.49,2074

9.49,2075

9.49,2076

9.49,2077

9.49,2078

9.49,2079

9.49,2080

9.49,2081

9.49,2082

9.49,2083

9.49,2084

9.49,2085

9.49,2086

9.49,2087

9.49,2088

9.49,2089

9.49,2090

9.49,2091

9.49,2092

9.49,2093

9.49,2094

9.49,2095

9.49,2096

9.49,2097

9.49,2098

9.49,2099

9.49,2100

9.49,2101

9.49,2102

9.49,2103

9.49,2104

9.49,2105

9.49,2106

9.49,2107

9.49,2108

9.49,2109

9.49,2110

9.49,2111

9.49,2112

9.49,2113

9.49,2114

9.49,2115

9.49,2116

9.49,2117

9.49,2118

9.49,2119

9.49,2120

9.49,2121

9.49,2122

9.49,2123

9.49,2124

9.49,2125

9.49,2126

9.49,2127

9.49,2128

9.49,2129

9.49,2130

9.49,2131

9.49,2132

9.49,2133

9.49,2134

9.49,2135

9.49,2136

9.49,2137

9.49,2138

9.49,2139

9.49,2140

9.49,2141

9.49,2142

9.49,2143

9.49,2144

9.49,2145

9.49,2146

9.49,2147

9.49,2148

9.49,2149

9.49,2150

9.49,2151

9.49,2152

9.49,2153

9.49,2154

9.49,2155

9.49,2156

9.49,2157

9.49,2158

9.49,2159

9.49,2160

9.49,2161

9.49,2162

9.49,2163

9.49,2164

9.49,2165

9.49,2166

9.49,2167

9.49,2168

9.49,2169

9.49,2170

9.49,2171

9.49,2172

9.49,2173

9.49,2174

9.49,2175

9.49,2176

9.49,2177

9.49,2178

9.49,2179

9.49,2180

9.49,2181

9.49,2182

9.49,2183

9.49,2184

9.49,2185

9.49,2186

9.49,2187

9.49,2188

9.49,2189

9.49,2190

9.49,2191

9.49,2192

9.49,2193

9.49,2194

9.49,2195

9.49,2196

9.49,2197

9.49,2198

9.49,2199

9.49,2200

9.49,2201

9.49,2202

9.49,2203

9.49,2204

9.49,2205

9.49,2206

9.49,2207

9.49,2208

9.49,2209

9.49,2210

9.49,2211

9.49,2212

9.49,2213

9.49,2214

9.49,2215

9.49,2216

9.49,2217

9.49,2218

9.49,2219

9.49,2220

9.49,2221

9.49,2222

9.49,2223

9.49,2224

9.49,2225

9.49,2226

9.49,2227

9.49,2228

9.49,2229

9.49,2230

9.49,2231

9.49,2232

9.49,2233

9.49,2234

9.49,2235

9.49,2236

9.49,2237

9.49,2238

9.49,2239

9.49,2240

9.49,2241

9.49,2242

9.49,2243

9.49,2244

9.49,2245

9.49,2246

9.49,2247

9.49,2248

9.49,2249

9.49,2250

9.49,2251

9.49,2252

9.49,2253

9.49,2254

9.49,2255

9.49,2256

9.49,2257

9.49,2258

9.49,2259

9.49,2260

9.49,2261

9.49,2262

9.49,2263

9.49,2264

9.49,2265

9.49,2266

9.49,2267

9.49,2268

9.49,2269

9.49,2270

9.49,2271

9.49,2272

9.49,2273

9.49,2274

9.49,2275

9.49,2276

9.49,2277

9.49,2278

9.49,2279

9.49,2280

9.49,2281

9.49,2282

9.49,2283

9.49,2284

9.49,2285

9.49,2286

9.49,2287

9.49,2288

9.49,2289

9.49,2290

9.49,2291

9.49,2292

9.49,2293

9.49,2294

9.49,2295

9.49,2296

9.49,2297

9.49,2298

9.49,2299

9.49,2300

9.49,2301

9.49,2302

9.49,2303

9.49,2304

9.49,2305

9.49,2306

9.49,2307

9.49,2308

9.49,2309

9.49,2310

9.49,2311

9.49,2312

9.49,2313

9.49,2314

9.49,2315

9.49,2316

9.49,2317

9.49,2318

9.49,2319

9.49,2320

9.49,2321

9.49,2322

9.49,2323

9.49,2324

9.49,2325

9.49,2326

9.49,2327

9.49,2328

9.49,2329

9.49,2330

9.49,2331

9.49,2332

9.49,2333

9.49,2334

9.49,2335

9.49,2336

9.49,2337

9.49,2338

9.49,2339

9.49,2340

9.49,2341

9.49,2342

9.49,2343

9.49,2344

9.49,2345

9.49,2346

9.49,2347

9.49,2348

9.49,2349

9.49,2350

9.49,2351

9.49,2352

9.49,2353

9.49,2354

9.49,2355

9.49,2356

9.49,2357

9.49,2358

9.49,2359

9.49,2360

9.49,2361

9.49,2362

9.49,2363

9.49,2364

9.49,2365

9.49,2366

9.49,2367

9.49,2368

9.49,2369

9.49,2370

9.49,2371

9.49,2372

9.49,2373

9.49,2374

9.49,2375

9.49,2376

9.49,2377

9.49,2378

9.49,2379

9.49,2380

9.49,2381

9.49,2382

9.49,2383

9.49,2384

9.49,2385

9.49,2386

9.49,2387

9.49,2388

9.49,2389

9.49,2390

9.49,2391

9.49,2392

9.49,2393

9.49,2394

9.49,2395

9.49,2396

9.49,2397

9.49,2398

9.49,2399

9.49,2400

9.49,2401

9.49,2402

9.49,2403

9.49,2404

9.49,2405

9.49,2406

9.49,2407

9.49,2408

9.49,2409

9.49,2410

9.49,2411

9.49,2412

9.49,2413

9.49,2414

9.49,2415

9.49,2416

9.49,2417

9.49,2418

9.49,2419

9.49,2420

9.49,2421

9.49,2422

9.49,2423

9.49,2424

9.49,2425

9.49,2426

9.49,2427

9.49,2428

9.49,2429

9.49,2430

9.49,2431

9.49,2432

9.49,2433

9.49,2434

9.49,2435

9.49,2436

9.49,2437

9.49,2438

9.49,2439

9.49,2440

9.49,2441

9.49,2442

9.49,2443

9.49,2444

9.49,2445

9.49,2446

9.49,2447

9.49,2448

9.49,2449

9.49,2450

9.49,2451

9.49,2452

9.49,2453

9.49,2454

9.49,2455

9.49,2456

9.49,2457

9.49,2458

9.49,2459

9.49,2460

9.49,2461

9.49,2462

9.49,2463

9.49,2464

9.49,2465

9.49,2466

9.49,2467

9.49,2468

9.49,2469

9.49,2470

9.49,2471

9.49,2472

9.49,2473

9.49,2474

9.49,2475

9.49,2476

9.49,2477

9.49,2478

9.49,2479

9.49,2480

9.49,2481

9.49,2482

9.49,2483

9.49,2484

9.49,2485

9.49,2486

9.49,2487

9.49,2488

9.49,2489

9.49,2490

9.49,2491

9.49,2492

9.49,2493

9.49,2494

9.49,2495

9.49,2496

9.49,2497

9.49,2498

9.49,2499

9.49,2500

9.49,2501

9.49,2502

9.49,2503

9.49,2504

9.49,2505

9.49,2506

9.49,2507

9.49,2508

9.49,2509

9.49,2510

9.49,2511

9.49,2512

9.49,2513

9.49,2514

9.49,2515

9.49,2516

9.49,2517

9.49,2518

9.49,2519

9.49,2520

9.49,2521

9.49,2522

9.49,2523

9.49,2524

9.49,2525

9.49,2526

9.49,2527

9.49,2528

9.49,2529

9.49,2530

9.49,2531

9.49,2532

9.49,2533

9.49,2534

9.49,2535

9.49,2536

9.49,2537

9.49,2538

9.49,2539

9.49,2540

9.49,2541

9.49,2542

9.49,2543

9.49,2544

9.49,2545

9.49,2546

9.49,2547

9.49,2548

9.49,2549

9.49,2550

9.49,2551

9.49,2552

9.49,2553

9.49,2554

9.49,2555

9.49,2556

9.49,2557

9.49,2558

9.49,2559

9.49,2560

9.49,2561

9.49,2562

9.49,2563

9.49,2564

9.49,2565

9.49,2566

9.49,2567

9.49,2568

9.49,2569

9.49,2570

9.49,2571

9.49,2572

9.49,2573

9.49,2574

9.49,2575

9.49,2576

9.49,2577

9.49,2578

9.49,2579

9.49,2580

9.49,2581

9.49,2582

9.49,2583

9.49,2584

9.49,2585

9.49,2586

9.49,2587

9.49,2588

9.49,2589

9.49,2590

9.49,2591

9.49,2592

9.49,2593

9.49,2594

9.49,2595

9.49,2596

9.49,2597

9.49,2598

9.49,2599

9.49,2600

9.49,2601

9.49,2602

9.49,2603

9.49,2604

9.49,2605

9.49,2606

9.49,2607

9.49,2608

9.49,2609

9.49,2610

9.49,2611

9.49,2612

9.49,2613

9.49,2614

9.49,2615

9.49,2616

9.49,2617

9.49,2618

9.49,2619

9.49,2620

9.49,2621

9.49,2622

9.49,2623

9.49,2624

9.49,2625

9.49,2626

9.49,2627

9.49,2628

9.49,2629

9.49,2630

9.49,2631

9.49,2632

9.49,2633

9.49,2634

9.49,2635

9.49,2636

9.49,2637

9.49,2638

9.49,2639

9.49,2640

9.49,2641

9.49,2642

9.49,2643

9.49,2644

9.49,2645

9.49,2646

9.49,2647

9.49,2648

9.49,2649

9.49,2650

9.49,2651

9.49,2652

9.49,2653

9.49,2654

9.49,2655

9.49,2656

9.49,2657

9.49,2658

9.49,2659

9.49,2660

9.49,2661

9.49,2662

9.49,2663

9.49,2664

9.49,2665

9.49,2666

9.49,2667

9.49,2668

9.49,2669

9.49,2670

9.43,2671

9.43,2672

9.43,2673

9.49,2674

9.49,2675

9.49,2676

9.49,2677

9.49,2678

9.49,2679

9.49,2680

9.49,2681

9.49,2682

9.49,2683

9.49,2684

9.49,2685

9.49,2686

9.49,2687

9.49,2688

9.49,2689

9.49,2690

9.49,2691

9.49,2692

9.49,2693

9.49,2694

9.49,2695

9.49,2696

9.49,2697

9.49,2698

9.49,2699

9.49,2700

9.49,2701

9.49,2702

9.49,2703

9.49,2704

9.49,2705

9.49,2706

9.49,2707

9.49,2708

9.49,2709

9.49,2710

9.49,2711

9.49,2712

9.49,2713

9.49,2714

9.49,2715

9.49,2716

9.49,2717

9.49,2718

9.49,2719

9.49,2720

9.49,2721

9.49,2722

9.49,2723

9.49,2724

9.49,2725

9.49,2726

9.49,2727

9.49,2728

9.49,2729

9.49,2730

9.49,2731

9.49,2732

9.49,2733

9.49,2734

9.49,2735

9.49,2736

9.49,2737

9.49,2738

9.49,2739

9.49,2740

9.49,2741

9.49,2742

9.49,2743

9.49,2744

9.49,2745

9.49,2746

9.49,2747

9.49,2748

9.49,2749

9.49,2750

9.49,2751

9.49,2752

9.49,2753

9.49,2754

9.49,2755

9.49,2756

9.49,2757

9.49,2758

9.49,2759

9.49,2760

9.49,2761

9.49,2762

9.49,2763

9.49,2764

9.49,2765

9.49,2766

9.49,2767

9.49,2768

9.49,2769

9.49,2770

9.49,2771

9.49,2772

9.49,2773

9.49,2774

9.49,2775

9.49,2776

9.49,2777

9.49,2778

9.49,2779

9.49,2780

9.49,2781

9.49,2782

9.49,2783

9.49,2784

9.49,2785

9.49,2786

9.49,2787

9.49,2788

9.49,2789

9.49,2790

9.49,2791

9.49,2792

9.49,2793

9.49,2794

9.49,2795

9.49,2796

9.49,2797

9.49,2798

9.49,2799

9.49,2800

9.49,2801

9.49,2802

9.49,2803

9.49,2804

9.49,2805

9.49,2806

9.49,2807

9.49,2808

9.49,2809

9.49,2810

9.49,2811

9.49,2812

9.49,2813

9.49,2814

9.49,2815

9.49,2816

9.49,2817

9.49,2818

9.49,2819

9.49,2820

9.49,2821

9.49,2822

9.49,2823

9.49,2824

9.49,2825

9.49,2826

9.49,2827

9.49,2828

9.49,2829

9.49,2830

9.49,2831

9.49,2832

9.49,2833

9.49,2834

9.49,2835

9.49,2836

9.49,2837

9.49,2838

9.49,2839

9.49,2840

9.49,2841

9.49,2842

9.49,2843

9.49,2844

9.49,2845

9.49,2846

9.49,2847

9.49,2848

9.49,2849

9.49,2850

9.49,2851

9.49,2852

9.49,2853

9.49,2854

9.49,2855

9.49,2856

9.49,2857

9.49,2858

9.49,2859

9.49,2860

9.49,2861

9.49,2862

9.49,2863

9.49,2864

9.49,2865

9.49,2866

9.49,2867

9.49,2868

9.49,2869

9.49,2870

9.49,2871

9.49,2872

9.49,2873

9.49,2874

9.49,2875

9.49,2876

9.49,2877

9.49,2878

9.49,2879

9.49,2880

9.49,2881

9.49,2882

9.49,2883

9.49,2884

9.49,2885

9.49,2886

9.49,2887

9.49,2888

9.49,2889

9.49,2890

9.49,2891

9.49,2892

9.49,2893

9.49,2894

9.49,2895

9.49,2896

9.49,2897

9.49,2898

9.49,2899

9.49,2900

9.49,2901

9.49,2902

9.49,2903

9.49,2904

9.49,2905

9.49,2906

9.49,2907

9.49,2908

9.49,2909

9.49,2910

9.49,2911

9.49,2912

9.49,2913

9.49,2914

9.49,2915

9.49,2916

9.49,2917

9.49,2918

9.49,2919

9.49,2920

9.49,2921

9.49,2922

9.49,2923

9.49,2924

9.49,2925

9.49,2926

9.49,2927

9.49,2928

9.49,2929

9.49,2930

9.49,2931

9.49,2932

9.49,2933

9.49,2934

9.49,2935

9.49,2936

9.49,2937

9.49,2938

9.49,2939

9.49,2940

9.49,2941

9.49,2942

9.49,2943

9.49,2944

9.49,2945

9.49,2946

9.49,2947

9.49,2948

9.49,2949

9.49,2950

9.49,2951

9.49,2952

9.49,2953

9.49,2954

9.49,2955

9.49,2956

9.49,2957

9.49,2958

9.49,2959

9.49,2960

9.49,2961

9.49,2962

9.49,2963

9.49,2964

9.49,2965

9.49,2966

9.49,2967

9.49,2968

9.49,2969

9.49,2970

9.49,2971

9.49,2972

9.49,2973

9.49,2974

9.49,2975

9.49,2976

9.49,2977

9.49,2978

9.49,2979

9.49,2980

9.49,2981

9.49,2982

9.49,2983

9.49,2984

9.49,2985

9.49,2986

9.49,2987

9.49,2988

9.49,2989

9.49,2990

9.49,2991

9.49,2992

9.49,2993

9.49,2994

9.49,2995

9.49,2996

9.49,2997

9.49,2998

9.49,2999

9.49,3000

9.49,3001

9.49,3002

9.49,3003

9.49,3004

9.49,3005

9.49,3006

9.49,3007

9.49,3008

9.49,3009

9.49,3010

9.49,3011

9.49,3012

9.49,3013

9.49,3014

9.49,3015

9.49,3016

9.49,3017

9.49,3018

9.49,3019

9.49,3020

9.49,3021

9.49,3022

9.49,3023

9.49,3024

9.49,3025

9.49,3026

9.49,3027

9.49,3028

9.49,3029

9.49,3030

9.49,3031

9.49,3032

9.49,3033

9.49,3034

9.49,3035

9.49,3036

9.49,3037

9.49,3038

9.49,3039

9.49,3040

9.49,3041

9.49,3042

9.49,3043

9.49,3044

9.49,3045

9.49,3046

9.49,3047

9.49,3048

9.49,3049

9.49,3050

9.49,3051

9.49,3052

9.49,3053

9.49,3054

9.49,3055

9.49,3056

9.49,3057

9.49,3058

9.49,3059

9.49,3060

9.49,3061

9.49,3062

9.49,3063

9.49,3064

9.49,3065

9.49,3066

9.49,3067

9.49,3068

9.49,3069

9.49,3070

9.49,3071

9.49,3072

9.49,3073

9.49,3074

9.49,3075

9.49,3076

9.49,3077

9.49,3078

9.49,3079

9.49,3080

9.49,3081

9.49,3082

9.49,3083

9.49,3084

9.49,3085

9.49,3086

9.49,3087

9.49,3088

9.49,3089

9.49,3090

9.49,3091

9.49,3092

9.49,3093

9.49,3094

9.49,3095

9.49,3096

9.49,3097

9.49,3098

9.49,3099

9.49,3100

9.49,3101

9.49,3102

9.49,3103

9.49,3104

9.49,3105

9.49,3106

9.49,3107

9.49,3108

9.49,3109

9.49,3110

9.49,3111

9.49,3112

9.49,3113

9.43,3114

9.49,3115

9.49,3116

9.49,3117

9.49,3118

9.49,3119

9.49,3120

9.49,3121

9.49,3122

9.49,3123

9.49,3124

9.49,3125

9.49,3126

9.49,3127

9.49,3128

9.49,3129

9.49,3130

9.49,3131

9.49,3132

9.49,3133

9.49,3134

9.49,3135

9.49,3136

9.49,3137

9.49,3138

9.49,3139

9.49,3140

9.49,3141

9.49,3142

9.49,3143

9.49,3144

9.49,3145

9.49,3146

9.49,3147

9.49,3148

9.49,3149

9.49,3150

9.49,3151

9.49,3152

9.49,3153

9.49,3154

9.49,3155

9.49,3156

9.49,3157

9.49,3158

9.49,3159

9.49,3160

9.49,3161

9.49,3162

9.49,3163

9.49,3164

9.49,3165

9.49,3166

9.49,3167

9.49,3168

9.49,3169

9.49,3170

9.49,3171

9.49,3172

9.49,3173

9.49,3174

9.49,3175

9.49,3176

9.49,3177

9.49,3178

9.49,3179

9.49,3180

9.49,3181

9.49,3182

9.49,3183

9.49,3184

9.49,3185

9.49,3186

9.49,3187

9.49,3188

9.49,3189

9.49,3190

9.49,3191

9.49,3192

9.49,3193

9.49,3194

9.49,3195

9.49,3196

9.49,3197

9.49,3198

9.49,3199

9.49,3200

9.49,3201

9.49,3202

9.49,3203

9.49,3204

9.49,3205

9.49,3206

9.49,3207

9.49,3208

9.49,3209

9.49,3210

9.49,3211

9.49,3212

9.49,3213

9.49,3214

9.49,3215

9.49,3216

9.49,3217

9.49,3218

9.49,3219

9.49,3220

9.49,3221

9.49,3222

9.49,3223

9.49,3224

9.49,3225

9.49,3226

9.49,3227

9.49,3228

9.49,3229

9.49,3230

9.49,3231

9.49,3232

9.49,3233

9.49,3234

9.49,3235

9.49,3236

9.49,3237

9.49,3238

9.49,3239

9.49,3240

9.49,3241

9.49,3242

9.49,3243

9.49,3244

9.49,3245

9.49,3246

9.49,3247

9.49,3248

9.49,3249

9.49,3250

9.49,3251

9.49,3252

9.49,3253

9.49,3254

9.49,3255

9.49,3256

9.49,3257

9.49,3258

9.49,3259

9.49,3260

9.49,3261

9.49,3262

9.49,3263

9.49,3264

9.49,3265

9.49,3266

9.49,3267

9.49,3268

9.49,3269

9.49,3270

9.49,3271

9.49,3272

9.49,3273

9.49,3274

9.49,3275

9.49,3276

9.49,3277

9.49,3278

9.49,3279

9.49,3280

9.49,3281

9.49,3282

9.49,3283

9.49,3284

9.49,3285

9.49,3286

9.49,3287

9.49,3288

9.49,3289

9.49,3290

9.49,3291

9.49,3292

9.49,3293

9.49,3294

9.49,3295

9.49,3296

9.49,3297

9.49,3298

9.49,3299

9.49,3300

9.49,3301

9.49,3302

9.49,3303

9.49,3304

9.49,3305

9.49,3306

9.49,3307

9.49,3308

9.49,3309

9.49,3310

9.49,3311

9.49,3312

9.49,3313

9.49,3314

9.49,3315

9.49,3316

9.49,3317

9.49,3318

9.49,3319

9.49,3320

9.49,3321

9.49,3322

9.49,3323

9.49,3324

9.49,3325

9.49,3326

9.49,3327

9.49,3328

9.49,3329

9.49,3330

9.49,3331

9.49,3332

9.49,3333

9.49,3334

9.49,3335

9.49,3336

9.49,3337

9.49,3338

9.49,3339

9.49,3340

9.49,3341

9.49,3342

9.49,3343

9.49,3344

9.49,3345

9.49,3346

9.49,3347

9.49,3348

9.49,3349

9.49,3350

9.49,3351

9.49,3352

9.49,3353

9.49,3354

9.49,3355

9.49,3356

9.49,3357

9.49,3358

9.49,3359

9.49,3360

9.49,3361

9.49,3362

9.49,3363

9.49,3364

9.49,3365

9.49,3366

9.49,3367

9.49,3368

9.49,3369

9.49,3370

9.49,3371

9.49,3372

9.49,3373

9.49,3374

9.49,3375

9.49,3376

9.49,3377

9.49,3378

9.49,3379

9.49,3380

9.49,3381

9.49,3382

9.49,3383

9.49,3384

9.49,3385

9.49,3386

9.49,3387

9.49,3388

9.49,3389

9.49,3390

9.49,3391

9.49,3392

9.49,3393

9.49,3394

9.49,3395

9.49,3396

9.49,3397

9.49,3398

9.49,3399

9.49,3400

9.49,3401

9.49,3402

9.49,3403

9.49,3404

9.49,3405

9.49,3406

9.49,3407

9.49,3408

9.49,3409

9.49,3410

9.49,3411

9.49,3412

9.49,3413

9.49,3414

9.49,3415

9.49,3416

9.49,3417

9.49,3418

9.49,3419

9.49,3420

9.49,3421

9.49,3422

9.49,3423

9.49,3424

9.49,3425

9.49,3426

9.49,3427

9.49,3428

9.49,3429

9.49,3430

9.49,3431

9.49,3432

9.49,3433

9.49,3434

9.49,3435

9.49,3436

9.49,3437

9.49,3438

9.49,3439

9.49,3440

9.49,3441

9.49,3442

9.49,3443

9.49,3444

9.49,3445

9.49,3446

9.49,3447

9.49,3448

9.49,3449

9.49,3450

9.49,3451

9.49,3452

9.49,3453

9.49,3454

9.49,3455

9.49,3456

9.49,3457

9.49,3458

9.49,3459

9.49,3460

9.49,3461

9.49,3462

9.49,3463

9.49,3464

9.49,3465

9.49,3466

9.49,3467

9.49,3468

9.49,3469

9.49,3470

9.49,3471

9.49,3472

9.49,3473

9.49,3474

9.49,3475

9.49,3476

9.49,3477

9.49,3478

9.49,3479

9.49,3480

9.49,3481

9.49,3482

9.49,3483

9.49,3484

9.49,3485

9.49,3486

9.49,3487

9.49,3488

9.49,3489

9.49,3490

9.49,3491

9.49,3492

9.49,3493

9.49,3494

9.49,3495

9.49,3496

9.49,3497

9.49,3498

9.49,3499

9.49,3500

9.49,3501

9.49,3502

9.49,3503

9.49,3504

9.49,3505

9.49,3506

9.49,3507

9.49,3508

9.49,3509

9.49,3510

9.49,3511

9.49,3512

9.49,3513

9.49,3514

9.49,3515

9.49,3516

9.49,3517

9.49,3518

9.49,3519

9.49,3520

9.49,3521

9.49,3522

9.49,3523

9.49,3524

9.49,3525

9.49,3526

9.49,3527

9.49,3528

9.49,3529

9.49,3530

9.49,3531

9.49,3532

9.49,3533

9.49,3534

9.49,3535

9.49,3536

9.49,3537

9.49,3538

9.49,3539

9.49,3540

9.49,3541

9.49,3542

9.49,3543

9.49,3544

9.49,3545

9.49,3546

9.49,3547

9.49,3548

9.49,3549

9.49,3550

9.49,3551

9.49,3552

9.49,3553

9.49,3554

9.49,3555

9.49,3556

9.49,3557

9.49,3558

9.49,3559

9.49,3560

9.49,3561

9.49,3562

9.49,3563

9.49,3564

9.49,3565

9.49,3566

9.49,3567

9.49,3568

9.49,3569

9.49,3570

9.49,3571

9.49,3572

9.49,3573

9.49,3574

9.49,3575

9.49,3576

9.49,3577

9.49,3578

9.49,3579

9.49,3580

9.49,3581

9.49,3582

9.49,3583

9.49,3584

9.49,3585

9.49,3586

9.49,3587

9.49,3588

9.49,3589

9.49,3590

9.49,3591

9.49,3592

9.49,3593

9.49,3594

9.49,3595

9.49,3596

9.49,3597

9.49,3598

9.49,3599

9.49,3600

9.49,3601

9.49,3602

9.49,3603

9.49,3604

9.49,3605

9.49,3606

9.49,3607

9.49,3608

9.49,3609

9.49,3610

9.49,3611

9.49,3612

9.49,3613

9.49,3614

9.49,3615

9.49,3616

9.49,3617

9.49,3618

9.49,3619

9.49,3620

9.49,3621

9.49,3622

9.49,3623

9.49,3624

9.49,3625

9.49,3626

9.49,3627

9.49,3628

9.49,3629

9.49,3630

9.49,3631

9.49,3632

9.49,3633

9.49,3634

9.49,3635

9.49,3636

9.49,3637

9.49,3638

9.49,3639

9.49,3640

9.49,3641

9.49,3642

9.49,3643

9.49,3644

9.49,3645

9.49,3646

9.49,3647

9.49,3648

9.49,3649

9.49,3650

9.49,3651

9.49,3652

9.49,3653

9.49,3654

9.49,3655

9.49,3656

9.49,3657

9.49,3658

9.49,3659

9.49,3660

9.49,3661

9.49,3662

9.49,3663

9.49,3664

9.49,3665

9.49,3666

9.49,3667

9.49,3668

9.49,3669

9.49,3670

9.49,3671

9.49,3672

9.49,3673

9.49,3674

9.49,3675

9.49,3676

9.49,3677

9.49,3678

9.49,3679

9.49,3680

9.49,3681

9.49,3682

9.49,3683

9.49,3684

9.49,3685

9.49,3686

9.49,3687

9.49,3688

9.49,3689

9.49,3690

9.49,3691

9.49,3692

9.49,3693

9.49,3694

9.49,3695

9.49,3696

9.49,3697

9.49,3698

9.49,3699

9.49,3700

9.49,3701

9.49,3702

9.49,3703

9.49,3704

9.49,3705

9.49,3706

9.49,3707

9.49,3708

9.49,3709

9.49,3710

9.49,3711

9.49,3712

9.49,3713

9.49,3714

9.49,3715

9.49,3716

9.49,3717

9.49,3718

9.49,3719

9.49,3720

9.49,3721

9.49,3722

9.49,3723

9.49,3724

9.49,3725

9.49,3726

9.49,3727

9.49,3728

9.49,3729

9.49,3730

9.49,3731

9.49,3732

9.49,3733

9.49,3734

9.49,3735

9.49,3736

9.49,3737

9.49,3738

9.49,3739

9.49,3740

9.49,3741

9.49,3742

9.49,3743

9.49,3744

9.49,3745

9.49,3746

9.49,3747

9.49,3748

9.49,3749

9.49,3750

9.49,3751

9.49,3752

9.49,3753

9.49,3754

9.49,3755

9.49,3756

9.49,3757

9.49,3758

9.49,3759

9.49,3760

9.49,3761

9.49,3762

9.49,3763

9.49,3764

9.49,3765

9.49,3766

9.49,3767

9.49,3768

9.49,3769

9.49,3770

9.49,3771

9.49,3772

9.49,3773

9.49,3774

9.49,3775

9.49,3776

9.49,3777

9.49,3778

9.49,3779

9.49,3780

9.49,3781

9.49,3782

9.49,3783

9.49,3784

9.49,3785

9.49,3786

9.49,3787

9.49,3788

9.49,3789

9.49,3790

9.49,3791

9.49,3792

9.49,3793

9.49,3794

9.49,3795

9.49,3796

9.49,3797

9.49,3798

9.49,3799

9.49,3800

9.49,3801

9.49,3802

9.49,3803

9.49,3804

9.49,3805

9.49,3806

9.49,3807

9.49,3808

9.49,3809

9.49,3810

9.49,3811

9.49,3812

9.49,3813

9.49,3814

9.49,3815

9.49,3816

9.49,3817

9.49,3818

9.49,3819

9.49,3820

9.49,3821

9.49,3822

9.49,3823

9.49,3824

9.49,3825

9.49,3826

9.49,3827

9.49,3828

9.49,3829

9.49,3830

9.49,3831

9.49,3832

9.49,3833

9.49,3834

9.49,3835

9.49,3836

9.49,3837

9.49,3838

9.49,3839

9.49,3840

9.49,3841

9.49,3842

9.49,3843

9.49,3844

9.49,3845

9.49,3846

9.49,3847

9.49,3848

9.49,3849

9.33,3850

9.54,3851

7.21,3852

2.00,3853

2.00,3854

1.41,3855

1.41,3856

